{
	"items": [{
		"Airport": "Lehigh Valley International Airport"

	}, {
		"Airport": "Abilene Regional Airport"
	}, {
		"Airport": "Albuquerque International Sunport"
	}, {
		"Airport": "Aberdeen Regional Airport"
	}, {
		"Airport": "Southwest Georgia Regional Airport"
	}, {
		"Airport": "Nantucket Memorial Airport"
	}, {
		"Airport": "Waco Regional Airport"
	}, {
		"Airport": "Arcata Airport"
	}, {
		"Airport": "Atlantic City International Airport"
	}, {
		"Airport": "Adak Airport"
	}, {
		"Airport": "Kodiak Airport"
	}]
}