{
	"navigation": [{
		"title": "Home",
		"icon": "sap-icon://home",
		"expanded": true,
		"key": "home",
		"items": []
	}, {
		"title": "Years",
		"icon": "sap-icon://business-objects-experience",
		"expanded": true,
		"key": "2015",
		"items": [{
			"title": "2015",
			"key": "2015"
		}, {
			"title": "2016",
			"key": "2016"
		}, {
			"title": "2017",
			"key": "2017"
		}, {
			"title": "2018",
			"key": "2018"
		}, {
			"title": "2019",
			"key": "2019"
		}]
	}, {
		"title": "Airport Analysis",
		"icon": "sap-icon://business-objects-experience",
		"expanded": true,
		"key": "Airport",
		"items": []
	}]
}